School.Name,School.Type,Region,Is.Party,STABBR,CONTROL,Tier,COSTT4_A,TUITIONFEE_IN,TUITIONFEE_OUT,COUNT_WNE_P6,MN_EARN_WNE_P6,MD_EARN_WNE_P6,PCT25_EARN_WNE_P6,PCT75_EARN_WNE_P6,SD_EARN_WNE_P6,COUNT_WNE_INC1_P6,COUNT_WNE_INC2_P6,COUNT_WNE_INC3_P6,COUNT_WNE_MALE0_P6,COUNT_WNE_MALE1_P6,MN_EARN_WNE_INC1_P6,MN_EARN_WNE_INC2_P6,MN_EARN_WNE_INC3_P6,MN_EARN_WNE_MALE0_P6,MN_EARN_WNE_MALE1_P6,COUNT_WNE_P8,MD_EARN_WNE_P8,COUNT_WNE_P10,MN_EARN_WNE_P10,MD_EARN_WNE_P10,PCT25_EARN_WNE_P10,PCT75_EARN_WNE_P10,SD_EARN_WNE_P10,COUNT_WNE_INC1_P10,COUNT_WNE_INC2_P10,COUNT_WNE_INC3_P10,COUNT_WNE_MALE0_P10,COUNT_WNE_MALE1_P10,MN_EARN_WNE_INC1_P10,MN_EARN_WNE_INC2_P10,MN_EARN_WNE_INC3_P10,MN_EARN_WNE_MALE0_P10,MN_EARN_WNE_MALE1_P10
Auburn University,State,Southern,FALSE,AL,Public,Selective public,25282,10200,27384,3808,43100,39500,26200,55200,35100,885,967,1956,1874,1934,41900,42200,44100,38200,47900,3756,44900,3908,56300,48800,32700,72700,42400,887,1028,1993,1858,2050,53800,54600,58300,48000,63800
University of Alabama at Birmingham,State,Southern,FALSE,AL,Public,Selective public,20621,7510,17062,2727,39400,35100,21000,50800,32000,1052,875,800,1690,1037,38600,39400,40500,36600,43900,3048,38300,3643,48400,41200,26300,59900,39200,1529,1182,932,2317,1326,47000,49500,49300,43200,57400
University of Arkansas,State,Southern,FALSE,AR,Public,Selective public,20350,8210,20300,3365,40900,37100,23200,52800,30400,968,1007,1390,1629,1736,38100,40700,43200,37000,44600,3253,41700,3140,52700,44900,28700,67000,44800,1005,982,1153,1599,1541,48600,51700,57200,46800,58900
California Institute of Technology,Engineering,California,FALSE,CA,Private nonprofit,Other elite schools (public and private),58755,43362,43362,NA,68500,54500,25400,87000,63000,NA,NA,78,48,79,NA,NA,NA,NA,NA,NA,77500,NA,106300,85900,47300,142400,110200,40,33,44,31,86,NA,NA,NA,NA,NA
California State University-Fullerton,State,California,FALSE,CA,Public,Selective public,15627,6315,17475,8295,38500,35100,21600,50400,25200,3860,2657,1778,4949,3346,37400,39500,39300,36300,41700,7519,41000,7085,51800,47200,29000,67800,37600,3332,2268,1485,4202,2883,50200,52200,55100,47500,58200
California State University-East Bay,State,California,FALSE,CA,Public,Selective public,19793,6564,17724,3643,45200,40600,23300,59300,32200,1941,1031,671,2311,1332,42000,48800,48900,44900,45600,2936,47700,2854,58200,51700,32200,74300,47900,1601,857,396,1839,1015,55000,61000,65500,54800,64400
California State University-Long Beach,State,California,FALSE,CA,Public,Selective public,17779,6452,17612,7536,40000,36500,21500,52800,26700,3503,2353,1680,4633,2903,39400,40200,41000,37800,43600,7157,42500,6750,53000,48100,29100,70200,36500,3247,2104,1399,4144,2606,51600,54400,54300,48600,60100
California State University-Dominguez Hills,State,California,FALSE,CA,Public,Selective public,12399,6139,17299,3416,38300,33100,19000,50900,29500,1951,1065,400,2239,1177,34100,40400,52900,37500,39700,3020,37600,3177,48500,44700,27100,65500,30200,1739,1110,328,2153,1024,44000,52800,57800,46700,52200
California State University-Chico,State,California,FALSE,CA,Public,Selective public,21715,7002,18162,4150,42900,38200,22200,56700,29300,1594,1113,1443,2222,1928,40600,42800,45500,39400,47000,3898,42800,4039,55400,48100,29400,72600,42200,1737,1021,1281,2195,1844,52800,55000,59300,49300,62700
Humboldt State University,State,California,FALSE,CA,Public,Selective public,22287,7171,18331,2120,30200,26200,15200,40500,22300,978,512,630,1125,995,30600,30000,29700,29000,31500,2147,31100,2099,40100,36600,19000,54100,29200,1119,504,476,1121,978,39500,42000,39200,36000,44700
California State University-Sacramento,State,California,FALSE,CA,Public,Selective public,18241,6648,17808,7233,41800,38600,23700,54300,26500,3525,2155,1553,4272,2961,40300,42800,43800,39700,44700,6561,44300,6386,54200,48900,31000,69500,38100,3056,1946,1384,3846,2540,51900,54900,58300,49400,61400
San Diego State University,State,California,FALSE,CA,Public,Selective public,20631,6866,18026,7638,41600,37700,23300,54300,28300,3167,2255,2216,4464,3174,40300,41200,43900,39000,45200,8145,44200,7236,55900,51000,32500,73100,38800,2979,2174,2083,4433,2803,54300,54800,59300,51500,62800
California State University-Northridge,State,California,FALSE,CA,Public,Selective public,18665,6549,17709,8339,37400,33700,19600,49700,25700,4174,2665,1500,4863,3476,36700,37800,38800,35500,40100,7978,39500,7698,49700,45400,27000,65900,36600,3882,2636,1180,4686,3012,48400,50800,51900,46900,54200
San Francisco State University,State,California,FALSE,CA,Public,Selective public,19998,6468,17628,6657,42100,38000,22200,55500,29100,3138,1948,1571,3943,2714,42900,42100,40500,41100,43600,6918,44000,6752,54700,49200,29500,71200,37900,3352,2020,1380,4164,2588,54000,55300,55600,51900,59300
San Jose State University,State,California,FALSE,CA,Public,Selective public,21112,7323,18483,5999,47200,42200,25500,61800,36500,2806,1772,1421,3255,2744,46500,47900,47900,44500,50400,5295,49400,4600,63800,56100,34600,83900,47800,2386,1377,837,2458,2142,62100,64200,67800,59000,69200
California State University-Stanislaus,State,California,FALSE,CA,Public,Selective public,16190,6686,17846,2491,39300,35000,20200,51200,28100,1164,799,528,1600,891,38500,38100,43000,37500,42600,2359,39300,2113,48500,45400,27500,62500,32700,964,760,389,1456,657,47700,47800,52000,46200,53500
Harvey Mudd College,Engineering,California,FALSE,CA,Private nonprofit,Other elite schools (public and private),63860,48594,48594,NA,87200,72500,42600,109000,66000,NA,31,NA,53,69,NA,NA,NA,78100,94100,NA,81700,NA,104200,88800,51600,117900,103800,NA,33,NA,46,105,NA,NA,93000,NA,NA
Pomona College,Liberal Arts,California,FALSE,CA,Private nonprofit,Other elite schools (public and private),59730,45832,45832,NA,51200,41100,18900,61200,61100,57,48,65,80,90,NA,NA,49500,35500,65200,NA,51300,NA,77300,58100,41300,83000,82300,39,36,87,73,89,NA,NA,88200,59700,91700
Occidental College,Liberal Arts,California,FALSE,CA,Private nonprofit,Other elite schools (public and private),63363,47522,47522,308,40700,39200,22600,53800,25600,64,104,140,182,126,39300,41000,41100,38800,43400,315,47200,342,59400,50600,29700,76100,48100,78,94,170,201,141,54700,65300,58200,55600,64700
University of California-Berkeley,State,California,FALSE,CA,Public,Highly selective public,33020,12972,35850,5251,57600,48700,27500,75500,50800,2134,1642,1475,2768,2483,57000,56100,60100,49800,66400,5187,56800,5064,79000,64700,41000,99700,72200,2048,1516,1500,2774,2290,75300,82700,80100,69200,90700
University of California-Davis,State,California,FALSE,CA,Public,Selective public,32638,13896,36774,6226,45300,40400,23600,59400,31400,2375,1931,1920,3528,2698,45200,42700,47900,42100,49400,6604,49200,5945,68100,58200,38800,85800,52000,2197,1869,1879,3360,2585,69600,67300,67200,63400,74300
University of California-Irvine,State,California,FALSE,CA,Public,Highly selective public,29759,13179,36057,4936,44300,41100,24500,58900,28900,1594,1626,1716,2697,2239,43700,43600,45600,40700,48700,4756,48800,4403,65800,58400,35400,84800,50300,1463,1261,1679,2303,2100,66200,66900,64600,60400,71700
University of California-Riverside,State,California,FALSE,CA,Public,Selective public,30174,13407,36285,4833,36800,33700,19900,49000,25400,1699,1771,1363,2581,2252,36000,35300,40000,34500,39600,4054,42000,4452,55300,49700,31800,70500,41400,1537,1626,1289,2494,1958,56400,52600,57300,49700,62300
University of California-San Diego,State,California,FALSE,CA,Public,Highly selective public,30092,13427,36305,5155,48200,43400,26200,62500,36900,2054,1705,1396,2589,2566,47200,47900,50000,43400,53100,4546,52100,5027,69600,59900,38800,88500,52900,1838,1658,1531,2691,2336,72900,67200,68300,63900,76200
University of California-Santa Barbara,State,California,TRUE,CA,Public,Highly selective public,33826,13865,36743,4575,42800,39000,22900,56300,29300,1408,1404,1763,2485,2090,41400,42000,44600,40400,45700,4160,46800,4592,62400,55300,34000,79800,50700,1363,1424,1805,2652,1940,56800,60400,68200,56300,70600
University of California-Santa Cruz,State,California,FALSE,CA,Public,Selective public,33036,13397,36275,3968,38400,33800,19400,50200,28500,1135,1212,1621,2141,1827,37900,37500,39300,35600,41700,3310,40700,3143,53800,46900,27700,68100,42700,937,923,1283,1686,1457,51900,53000,55900,49000,59400
Colorado College,Liberal Arts,Western,FALSE,CO,Private nonprofit,Highly selective private,57400,46410,46410,277,35900,34000,17300,49100,25800,37,52,188,161,116,NA,NA,37800,32900,40000,247,40600,379,49900,45400,27100,61600,40300,69,134,176,228,151,53000,44400,52900,45900,56000
Colorado School of Mines,Engineering,Western,FALSE,CO,Public,Highly selective public,30154,16918,33598,866,74700,69200,51100,92000,40000,156,257,453,199,667,75500,73900,74900,68900,76400,800,72200,818,95600,84900,55800,118300,64800,151,258,409,163,655,95000,96300,95300,89600,97100
Fort Lewis College,Liberal Arts,Western,FALSE,CO,Public,Selective public,21691,7252,17780,1206,30500,28100,16600,39000,20800,416,367,423,575,631,29500,30100,31900,28200,32600,1128,30500,1270,39400,35200,20700,50800,28900,418,424,428,622,648,37100,38100,42900,35000,43600
University of Connecticut,State,Northeastern,FALSE,CT,Public,Highly selective public,26966,12700,32880,5223,49800,46400,29400,64500,40400,927,1307,2989,2655,2568,47800,46500,52000,46800,53000,5179,52700,5293,66000,58400,39900,82500,49200,789,1360,3144,2822,2471,61700,64900,67600,59300,73700
Wesleyan University,Liberal Arts,Northeastern,FALSE,CT,Private nonprofit,Other elite schools (public and private),62849,48272,48272,445,46400,42100,22900,55500,44000,68,120,257,218,227,44000,42500,48800,39600,52900,422,46400,485,63400,54700,33000,76400,49800,85,119,281,262,223,67400,56600,65100,57000,70900
Yale University,Ivy League,Northeastern,FALSE,CT,Private nonprofit,Ivy Plus,61620,45800,45800,730,67800,56600,32400,88200,53400,306,201,223,353,377,67800,65900,69600,64900,70500,1016,72400,1347,124400,83200,52200,153300,136200,575,334,438,670,677,123400,126400,124100,100200,148300
University of Delaware,State,Southern,FALSE,DE,Public,Selective public,23357,12342,30692,3936,48100,46700,31000,63600,25000,367,773,2796,2213,1723,40200,43400,50500,46400,50300,3471,52700,3780,64000,57000,39400,80900,42700,507,892,2381,2190,1590,56200,58200,67900,59200,70700
Florida Atlantic University,State,Southern,FALSE,FL,Public,Selective public,19310,4831,17276,5497,38800,36200,22500,49400,29300,2534,1838,1125,3287,2210,37300,40000,40000,37400,40800,5143,40500,5646,48300,43200,27500,61500,33800,2543,1934,1169,3555,2091,46200,49200,51300,45200,53700
Florida State University,State,Southern,TRUE,FL,Public,Selective public,21408,6507,21673,6879,39700,36500,23600,50100,32300,2035,2077,2767,3695,3184,39100,39200,40400,37200,42600,7137,42300,7464,53900,46400,30900,67400,44500,2272,2371,2821,4278,3186,54700,52200,54800,48700,60900
University of Florida,State,Southern,TRUE,FL,Public,Highly selective public,20085,6313,28591,5859,47700,42600,26800,62000,37000,1895,1997,1967,3185,2674,47300,46800,49000,43400,52900,6953,48100,7279,65700,56000,36600,84100,53000,2409,2371,2499,4011,3268,63400,65200,68500,60300,72400
Georgia State University,State,Southern,FALSE,GA,Public,Selective public,24377,8618,23186,6459,38100,35200,20900,50700,24900,2455,2202,1802,3968,2491,37300,38900,38400,36000,41600,5576,39400,5377,48200,43300,26000,62700,34000,2044,1935,1398,3332,2045,45600,49400,50200,44100,54700
University of Georgia,State,Southern,TRUE,GA,Public,Highly selective public,21981,10836,29046,4978,45200,39900,25800,55600,48000,1287,1394,2297,2871,2107,47300,43200,45300,40000,52200,5097,46000,5102,59100,50500,32800,74200,49900,1201,1382,2519,2854,2248,57000,57700,60900,52900,67000
Boise State University,State,Western,FALSE,ID,Public,Selective public,18651,6641,19493,4883,35600,31000,18600,45900,33800,1927,1666,1290,2491,2392,33700,36000,37900,31600,39700,4802,34000,5092,43100,37100,22400,55800,36400,2191,1883,1018,2671,2421,39700,45600,46100,35700,51300
Idaho State University,State,Western,FALSE,ID,Public,Selective public,19089,6566,19326,2948,34900,30700,16700,48000,25600,1333,1060,555,1523,1425,32100,36500,38300,28700,41500,3192,33100,3892,43900,35700,20100,59200,38400,1827,1396,669,1923,1969,42500,43800,47700,32700,54700
University of Idaho,State,Western,FALSE,ID,Public,Selective public,19381,6784,20314,2684,35500,31800,19900,46000,25700,793,908,983,1238,1446,34100,35400,36700,31200,39200,2673,37400,2919,47000,41900,26600,61300,32200,947,943,1029,1274,1645,43900,46200,50600,39100,53100
Illinois Institute of Technology,Engineering,Midwestern,FALSE,IL,Private nonprofit,Highly selective private,51572,41645,41645,726,60400,55800,39000,74800,37300,250,200,276,239,487,67100,58000,56200,60400,60400,823,63300,769,78000,69100,44000,91900,64100,236,235,298,228,541,93800,69300,72400,69500,81600
Illinois State University,State,Midwestern,FALSE,IL,Public,Selective public,26259,13296,20886,5946,41600,39600,28800,52400,21400,1008,1375,3563,3189,2757,40700,40200,42500,38700,45100,5656,43200,5559,51600,47100,33600,64700,31600,1054,1430,3075,3103,2456,47000,50800,53600,46000,58700
Northern Illinois University,State,Midwestern,FALSE,IL,Public,Selective public,27959,13505,22784,6271,39400,36800,23300,52000,24500,1781,1757,2733,3229,3042,36100,38600,42000,35500,43500,6081,41800,6114,49800,45500,29500,65300,31400,1552,1825,2737,3121,2993,46300,49100,52300,42300,57600
Ball State University,State,Midwestern,FALSE,IN,Public,Selective public,21807,9344,24610,5479,35300,34000,23000,44700,19200,1010,1637,2832,3014,2465,32900,35100,36200,33500,37400,5225,37300,5423,44600,41100,27700,56500,28200,978,1626,2819,2947,2476,40300,43200,46900,39500,50700
DePauw University,Liberal Arts,Midwestern,FALSE,IN,Private nonprofit,Selective private,53410,42746,42746,NA,43900,40400,25700,55500,27400,61,113,260,231,203,46400,38100,45800,40700,47500,NA,48300,545,66100,54000,37100,78200,53000,65,138,342,297,248,54400,56800,72100,56300,77800
Grinnell College,Liberal Arts,Midwestern,FALSE,IA,Private nonprofit,Highly selective private,56354,45620,45620,276,36700,32800,17900,49600,26100,45,86,145,159,117,NA,NA,38800,33300,41400,NA,40900,276,61000,49100,32800,77200,53700,38,79,159,140,136,NA,NA,63000,55000,67200
Iowa State University,State,Midwestern,FALSE,IA,Public,Selective public,18828,7731,20617,6966,44000,41200,28700,56300,26100,1189,2120,3657,3054,3912,40700,43700,45300,37900,48800,6551,45300,6801,56000,50700,35100,72500,34000,1207,2203,3391,2994,3807,53500,54900,57600,46600,63400
University of Iowa,State,Midwestern,TRUE,IA,Public,Selective public,20691,8079,27409,5734,47700,42200,29100,58700,38600,1232,1475,3027,2887,2847,53800,45500,46200,44300,51100,6039,47000,6204,62000,51900,35800,73700,53400,1309,1641,3254,3298,2906,67300,58700,61400,55600,69200
Pittsburg State University,State,Midwestern,FALSE,KS,Public,Selective public,15931,6230,16336,2052,37900,34900,23500,48300,21500,619,685,748,926,1126,35400,37800,40200,33400,41600,2101,38100,2010,44400,39400,26000,56300,30100,642,760,608,1009,1001,40700,44300,48400,37400,51500
Kansas State University,State,Midwestern,FALSE,KS,Public,Selective public,20722,9034,22624,5086,41400,38400,25400,53400,27000,1026,1630,2430,2438,2648,38900,40100,43400,36300,46200,5489,42100,6103,51900,45600,31200,66400,37100,1313,1972,2818,2894,3209,50300,49000,54700,43700,59300
University of Kansas,State,Midwestern,FALSE,KS,Public,Selective public,23049,10448,25731,5342,45100,39200,26100,55100,45500,1205,1406,2731,2749,2593,47700,45200,44000,42900,47500,5491,44600,5775,59300,48800,32100,71000,55100,1262,1590,2923,2998,2777,62800,57800,58700,53900,65200
Morehead State University,State,Southern,FALSE,KY,Public,Selective public,18191,7866,19666,2314,30000,27200,16100,39000,28500,978,708,628,1313,1001,28000,30500,32400,27100,33700,2310,30400,2605,37000,33100,20100,47500,28800,1164,850,591,1441,1164,33000,37200,44800,32300,42800
University of Kentucky,State,Southern,FALSE,KY,Public,Selective public,23162,10616,22888,4593,43500,36900,24000,53800,45600,1297,1236,2060,2291,2302,49200,42000,40700,40200,46700,4571,43500,5127,54000,45100,29300,68200,45000,1605,1522,2000,2652,2475,53700,52600,55300,48500,59900
University of Louisiana at Lafayette,State,Southern,FALSE,LA,Public,Selective public,16112,6872,19272,3107,37200,32800,20300,45400,35600,1223,986,898,1839,1268,34400,37400,40600,31400,45500,3421,36600,3930,46400,39900,25600,57700,37500,1582,1323,1025,2192,1738,43900,44200,53200,37400,57800
Bates College,Liberal Arts,Northeastern,FALSE,ME,Private nonprofit,Other elite schools (public and private),61000,47030,47030,NA,46000,43100,26500,56200,30600,43,57,176,139,137,NA,NA,50200,42500,49500,NA,46100,NA,74300,59200,40000,85400,66300,38,53,157,113,135,NA,NA,74700,63200,83600
Bowdoin College,Liberal Arts,Northeastern,FALSE,ME,Private nonprofit,Other elite schools (public and private),59900,46808,46808,NA,57100,44600,33000,65100,50000,45,67,120,114,118,NA,NA,65300,48900,65100,NA,51100,NA,83300,65500,42700,104400,67500,36,74,172,128,154,NA,NA,88300,71500,93100
Colby College,Liberal Arts,Northeastern,FALSE,ME,Private nonprofit,Other elite schools (public and private),59110,47350,47350,NA,50200,42700,31000,63800,33900,35,44,166,139,106,NA,NA,51600,47500,53800,NA,56800,294,71000,58100,37400,85200,77100,33,65,196,162,132,NA,NA,72600,59600,85000
Amherst College,Liberal Arts,Northeastern,FALSE,MA,Private nonprofit,Other elite schools (public and private),61544,48526,48526,235,61600,44100,22000,73500,87900,60,64,111,113,122,78900,44000,62300,62000,61200,229,52600,263,83300,65000,36200,101500,78400,39,69,155,127,136,NA,NA,93400,70900,95000
College of the Holy Cross,Liberal Arts,Northeastern,FALSE,MA,Private nonprofit,Other elite schools (public and private),57754,45692,45692,NA,55500,49100,35400,68600,34500,85,114,364,318,245,50500,45000,59900,51600,60400,NA,56400,576,88600,71000,51300,104100,73300,48,84,444,317,259,NA,NA,91200,75500,104600
Massachusetts Institute of Technology,Engineering,Northeastern,FALSE,MA,Private nonprofit,Ivy Plus,59020,45016,45016,868,99600,82200,50800,124100,88000,170,247,451,359,509,83500,95900,107600,85600,109400,901,96200,995,153600,104700,63000,164900,170800,211,278,506,401,594,132300,136200,172100,118900,177100
Mount Holyoke College,Liberal Arts,Northeastern,FALSE,MA,Private nonprofit,Highly selective private,55454,42656,42656,391,36800,34600,20800,48800,22900,96,98,197,NA,NA,36000,35600,37900,NA,NA,383,39400,494,53900,48600,33000,66700,34000,115,118,261,NA,NA,55100,51100,54700,NA,NA
Smith College,Liberal Arts,Northeastern,FALSE,MA,Private nonprofit,Highly selective private,60167,44724,44724,580,37400,35300,18900,48700,27100,124,167,289,NA,NA,35400,38200,37800,NA,NA,632,41300,728,51100,46200,26300,64000,40000,172,211,345,NA,NA,46700,50000,54100,NA,NA
Wellesley College,Liberal Arts,Northeastern,FALSE,MA,Private nonprofit,Other elite schools (public and private),59092,45078,45078,347,48600,44900,28500,59700,34000,86,100,161,NA,NA,46200,46200,51300,NA,NA,293,53200,376,71800,60800,42800,86600,60500,86,103,187,NA,NA,79600,70500,68900,NA,NA
Wentworth Institute of Technology,Engineering,Northeastern,FALSE,MA,Private nonprofit,Selective private,46112,30765,30765,1498,54200,53300,37800,68400,26000,234,393,871,304,1194,48400,55800,55100,47900,55800,1363,57900,1456,67300,65100,43100,86200,42800,223,414,819,281,1175,64100,66300,68700,55200,70200
Williams College,Liberal Arts,Northeastern,FALSE,MA,Private nonprofit,Other elite schools (public and private),61850,48310,48310,NA,51400,42600,19300,65100,44900,71,80,128,149,130,43600,41700,61800,45400,58300,241,49400,NA,89800,59000,35000,99400,112100,52,52,209,153,160,117600,78000,85800,77100,102000
Worcester Polytechnic Institute,Engineering,Northeastern,FALSE,MA,Private nonprofit,Highly selective private,57637,44222,44222,890,66300,67500,48300,81300,30500,95,179,616,203,687,68600,66100,66000,65100,66600,856,74200,898,84600,84900,61300,102200,42700,106,212,580,238,660,76500,85200,85800,74000,88400
Eastern Michigan University,State,Midwestern,FALSE,MI,Public,Selective public,19532,9663,25706,5108,35300,32000,19500,46700,23600,1857,1445,1806,2856,2252,33000,35900,37300,32900,38400,4797,36700,4895,43900,39300,25000,55800,31400,1483,1452,1960,2753,2142,40200,44000,46500,38200,51200
Michigan State University,State,Midwestern,FALSE,MI,Public,Selective public,24323,13200,34965,7848,45200,41600,27300,58900,34500,1518,1896,4434,4248,3600,43800,42400,47000,40500,50900,8277,47500,8632,63200,53600,34900,78000,54200,1839,2210,4583,4675,3957,69300,58500,62900,55400,72300
Wayne State University,State,Midwestern,FALSE,MI,Public,Selective public,21021,11449,24472,5191,37900,32600,18700,50700,29300,2560,1485,1146,3109,2082,36900,38200,39500,35300,41700,5249,37100,5638,52300,40800,23300,62700,53900,2578,1795,1265,3429,2209,55500,48600,50800,46700,61000
Western Michigan University,State,Midwestern,FALSE,MI,Public,Selective public,22013,10685,24917,5713,35300,32300,19700,46800,22000,1410,1606,2697,2874,2839,31800,35300,37100,31100,39500,7580,38200,7063,50500,45000,29800,65000,34400,1430,1794,3839,3495,3568,46100,49100,52800,42900,58000
Carleton College,Liberal Arts,Midwestern,FALSE,MN,Private nonprofit,Other elite schools (public and private),60401,47736,47736,255,43400,39500,21100,58200,30200,40,69,146,121,134,NA,NA,47500,39600,46800,257,45800,292,67900,54200,35800,82800,58100,36,75,181,142,150,NA,NA,71000,57900,77300
Gustavus Adolphus College,Liberal Arts,Midwestern,FALSE,MN,Private nonprofit,Highly selective private,50008,40400,40400,678,43400,41700,28700,53600,24400,68,148,462,381,297,34700,41100,45400,40600,46900,788,45400,811,58900,51700,37100,71400,41100,67,195,549,455,356,49300,57100,60700,53700,65600
Saint Olaf College,Liberal Arts,Midwestern,FALSE,MN,Private nonprofit,Highly selective private,51860,41700,41700,620,41500,37700,24500,54400,25600,60,136,424,323,297,41000,41700,41500,37700,45600,713,44100,753,57300,50400,34700,72200,38600,89,173,491,427,326,47200,51000,61400,54200,61400
Mississippi State University,State,Southern,FALSE,MS,Public,Selective public,21581,7140,18478,3682,37100,33400,21000,46600,32500,1312,1111,1259,1770,1912,33600,37600,40300,31000,42700,3310,36200,3312,47400,40200,27600,59500,36400,1207,990,1115,1565,1747,42800,46900,52700,37700,56000
University of Mississippi,State,Southern,TRUE,MS,Public,Selective public,22444,7096,19144,3517,41300,35100,22600,51000,40000,1297,980,1240,2038,1479,40500,40300,42800,37800,46000,3415,39700,3548,56600,42700,28200,66400,64000,1243,1023,1282,1978,1570,55800,56500,57400,49300,65800
Montana State University-Billings,State,Western,FALSE,MT,Public,Selective public,15893,5780,17466,1673,34300,30400,18600,44700,24300,666,597,410,1008,665,28700,36800,39800,30500,40100,1726,33500,1974,38700,34600,19400,52000,29100,882,696,396,1204,770,34500,40700,44800,32500,48500
University of Nevada-Reno,State,Western,FALSE,NV,Public,Selective public,20675,6610,20520,2426,41600,37700,23400,53900,32900,819,776,831,1349,1077,40100,42700,42200,38800,45200,2442,42400,2335,56300,47000,29000,70800,53900,794,778,763,1341,994,55400,54600,59100,49400,65800
University of Nevada-Las Vegas,State,Western,FALSE,NV,Public,Selective public,17781,6710,20620,4428,39300,36500,23200,51000,24600,1670,1640,1118,2500,1928,37800,40500,39700,37900,41100,4134,41100,4471,49600,45000,28000,64800,33500,1712,1638,1121,2576,1895,48100,49600,51900,46000,54400
Dartmouth College,Ivy League,Northeastern,FALSE,NH,Private nonprofit,Ivy Plus,63279,48108,48108,724,74600,58900,36000,91600,74900,187,206,331,335,389,70300,76300,75900,60300,86900,696,67400,715,110200,75500,49000,136800,116600,170,180,365,369,346,109000,109600,111100,91100,130600
Princeton University,Ivy League,Northeastern,FALSE,NJ,Private nonprofit,Ivy Plus,57400,41820,41820,346,73600,60800,34600,94000,69600,100,140,106,150,196,71900,64800,86700,61100,83100,406,63400,332,116300,74700,52000,132100,131400,77,111,144,151,181,127400,110700,114700,87300,140600
Stevens Institute of Technology,Engineering,Northeastern,FALSE,NJ,Private nonprofit,Highly selective private,59384,45366,45366,663,67900,68600,50200,83400,32600,97,140,426,166,497,63200,67100,69300,66500,68400,634,76100,552,91900,89200,64100,109200,65500,88,146,318,111,441,90300,92700,91900,87100,93100
New Mexico Institute of Mining and Technology,Engineering,Western,FALSE,NM,Public,Highly selective public,18762,6256,18184,239,49000,43500,23500,68400,34100,91,77,71,54,185,49900,44300,53100,39000,52000,263,52500,284,58500,50000,31300,76600,39300,104,84,96,71,213,57300,57800,60300,51700,60700
Colgate University,Liberal Arts,Northeastern,FALSE,NY,Private nonprofit,Other elite schools (public and private),60050,48175,48175,NA,54300,47700,31600,68000,40000,41,90,221,185,167,NA,NA,56000,49800,59200,NA,55800,434,81100,63600,41800,98100,76200,66,108,260,235,199,67300,71100,88700,75000,88200
Cornell University,Ivy League,Northeastern,FALSE,NY,Private nonprofit,Ivy Plus,61608,47286,47286,2542,76300,64800,40700,92200,62000,596,586,1360,1206,1336,87300,70700,73900,68600,83200,2631,72000,2990,101200,77200,51300,120500,92900,652,732,1606,1492,1498,114500,95800,98200,87400,114900
Hamilton College,Liberal Arts,Northeastern,FALSE,NY,Private nonprofit,Other elite schools (public and private),59590,47820,47820,NA,55300,47800,30900,69400,41000,43,56,172,142,129,NA,NA,58400,45400,66300,313,50800,340,74300,60200,40900,87000,62800,55,70,215,158,182,63400,62500,80900,67700,80100
Rensselaer Polytechnic Institute,Engineering,Northeastern,FALSE,NY,Private nonprofit,Other elite schools (public and private),61820,47908,47908,1503,66700,66100,45600,81800,38400,192,332,979,419,1084,63900,64600,67900,60500,69100,1494,71600,1602,86000,82000,58300,105000,45300,241,416,945,360,1242,86100,88800,84800,74100,89500
Rochester Institute of Technology,Engineering,Northeastern,FALSE,NY,Private nonprofit,Selective private,47291,35768,35768,3934,50600,46500,26700,68000,33500,842,1118,1974,1311,2623,42400,50000,54400,40800,55500,3881,54100,3882,67800,62400,37000,88100,48300,786,1175,1921,1118,2764,62100,66600,70800,50500,74700
Skidmore College,Liberal Arts,Northeastern,FALSE,NY,Private nonprofit,Highly selective private,60900,47464,47464,471,41900,38800,20700,57300,28800,112,92,267,297,174,45300,39100,41500,39900,45400,418,45200,486,57000,49700,29200,70000,48500,107,112,267,302,184,57800,58100,56300,52100,65000
Siena College,Liberal Arts,Northeastern,FALSE,NY,Private nonprofit,Selective private,47265,32293,32293,1121,46000,46200,30200,58600,24100,165,230,726,554,567,40200,44700,47700,44200,47800,1197,50600,1269,62300,57100,39400,77200,41500,181,283,805,718,551,51600,63300,64300,57200,68900
Binghamton University,State,Northeastern,FALSE,NY,Public,Highly selective public,22688,8620,20260,2609,47700,45300,26900,64300,28800,656,714,1239,1207,1402,43100,47600,50200,44800,50300,2893,53200,3231,68100,61600,38900,88200,47800,875,886,1470,1603,1628,65200,65300,71400,62400,73700
Stony Brook University,State,Northeastern,FALSE,NY,Public,Highly selective public,21358,8430,21850,3859,44000,39300,22800,59500,31500,1407,1099,1353,1855,2004,43300,43500,45100,41900,46000,4301,48800,4064,62600,57600,36100,81100,42500,1561,1217,1286,2055,2009,61300,62700,64200,58100,67300
Union College,Liberal Arts,Northeastern,FALSE,NY,Private nonprofit,Highly selective private,60042,48384,48384,NA,51400,49900,31800,67900,28600,57,93,267,204,213,49200,42800,54900,45400,57300,434,56600,473,80200,65400,46800,94300,79700,71,112,290,211,262,91600,75600,79100,71700,87000
Vassar College,Liberal Arts,Northeastern,FALSE,NY,Private nonprofit,Other elite schools (public and private),61320,49570,49570,426,39400,36100,22700,49900,27400,62,109,255,234,192,37600,36900,40900,38200,40900,356,44600,422,61500,54600,34500,74600,45500,54,97,271,257,165,55100,58800,63700,58000,66800
Appalachian State University,State,Southern,FALSE,NC,Public,Selective public,19017,6553,19720,3832,34300,33000,21400,42300,26200,782,1196,1854,1987,1845,31900,33900,35700,32000,36800,3495,35200,3281,43600,38800,27600,54300,27300,719,988,1574,1611,1670,40300,42000,46100,39000,48000
Davidson College,Liberal Arts,Southern,FALSE,NC,Private nonprofit,Other elite schools (public and private),57458,45377,45377,NA,49400,45500,30800,60600,30200,NA,40,NA,83,77,NA,NA,52200,46400,52700,NA,51400,NA,71100,58900,39200,87100,56400,37,43,169,124,125,NA,NA,72000,61700,80400
East Carolina University,State,Southern,FALSE,NC,Public,Selective public,20710,6143,21340,5912,37300,34900,23000,46900,27600,1500,1838,2574,3378,2534,34200,37800,38700,34700,40700,5214,37800,5394,45800,40500,27600,57400,34100,1557,1652,2185,3249,2145,42800,45300,48200,42000,51500
University of North Carolina at Chapel Hill,State,Southern,FALSE,NC,Public,Other elite schools (public and private),23978,8336,33418,2818,49900,41000,27700,59900,55600,727,815,1276,1685,1133,50900,49400,49800,45100,57100,2974,49000,3143,68800,55600,37300,84000,59400,835,909,1399,1919,1224,70200,65500,70100,64500,75600
University of North Carolina at Charlotte,State,Southern,FALSE,NC,Public,Selective public,18044,6277,19448,5823,38600,35900,23200,50500,23100,1821,1886,2116,3023,2800,36900,37900,40700,34600,42900,4974,40500,4611,50300,44000,29800,63900,35400,1340,1558,1713,2557,2054,48800,50100,51700,44000,58200
Western Carolina University,State,Southern,FALSE,NC,Public,Selective public,18549,6305,16698,2170,33400,31900,20300,41600,20300,637,766,767,1148,1022,31500,34100,34200,31200,35800,2337,34700,2258,41300,37700,25500,51600,33200,581,790,887,1158,1100,40900,41300,41600,36100,46800
University of North Dakota,State,Midwestern,FALSE,ND,Public,Selective public,20306,7741,18409,2823,45400,41700,28900,57100,26300,520,800,1503,1281,1542,45300,45200,45600,41500,48700,3098,46800,3837,57800,48700,33700,70000,48100,770,1179,1888,1761,2076,62200,55400,57500,47600,66400
Cleveland State University,State,Midwestern,FALSE,OH,Public,Selective public,21684,9686,12928,3323,37200,34100,20500,49400,24300,1423,1106,794,1881,1442,33600,39700,40400,34600,40600,3209,38100,3440,46400,41300,24700,61000,34700,1535,1178,727,1909,1531,43300,47800,50700,42000,52000
Denison University,Liberal Arts,Midwestern,FALSE,OH,Private nonprofit,Highly selective private,56520,45670,45670,NA,41600,38900,24600,55000,23600,46,86,242,194,180,NA,NA,43300,39400,44000,NA,45400,495,57600,48800,34600,71200,40800,67,130,298,286,209,57500,53100,59600,54800,61500
Oberlin College,Liberal Arts,Midwestern,FALSE,OH,Private nonprofit,Other elite schools (public and private),62051,48682,48682,446,30700,27400,14300,41900,21200,56,115,275,245,201,31200,30500,30700,28300,33700,418,34900,582,45500,40800,21900,60600,35500,69,155,358,323,259,46200,48100,44200,40700,51400
University of Toledo,State,Midwestern,FALSE,OH,Public,Selective public,21480,9463,18801,5876,37900,33400,20600,50100,27300,1747,1778,2351,2883,2993,33400,37200,41900,34700,41000,5197,39600,5525,52800,43800,27000,66000,45300,1632,1594,2299,2736,2789,49500,52000,55700,46700,58700
Wittenberg University,Liberal Arts,Midwestern,FALSE,OH,Private nonprofit,Selective private,50115,38030,38030,549,37800,36700,25400,48500,19700,72,145,332,299,250,27600,34600,41500,34600,41800,610,40700,730,49000,43200,29600,61000,33300,98,202,430,397,333,43500,45200,52100,43500,55600
Lewis and Clark College,Liberal Arts,Western,FALSE,OR,Private nonprofit,Selective private,55517,43382,43382,476,35900,32100,18400,47100,24800,140,110,226,289,187,44400,34400,31300,36300,35200,522,42300,568,55000,46200,29000,63800,55100,154,143,271,365,203,63400,51300,52300,50700,62800
Oregon State University,State,Western,FALSE,OR,Public,Selective public,23326,9122,26294,4814,42700,37700,24200,55000,36600,1408,1467,1939,2281,2533,41300,43100,43500,36400,48400,4698,43500,4887,56700,49600,30900,73500,43300,1452,1510,1925,2354,2533,54900,56200,58400,48400,64400
Portland State University,State,Western,FALSE,OR,Public,Selective public,20318,7794,23319,6076,38400,34500,20100,50700,28000,2825,1830,1421,3404,2672,35200,41600,40800,35200,42600,5256,40000,5172,50800,44700,25800,67100,37700,2452,1553,1167,2788,2384,47300,54100,54000,45100,57600
Reed College,Liberal Arts,Western,FALSE,OR,Private nonprofit,Other elite schools (public and private),59595,47760,47760,198,34800,30400,15100,44800,28500,40,52,106,117,81,NA,NA,37000,30700,40800,208,33600,206,52700,42200,24600,59500,61900,41,59,106,138,68,NA,NA,46500,44700,69200
University of Oregon,State,Western,FALSE,OR,Public,Selective public,23055,9918,30888,4697,39800,35600,22000,51400,29500,1362,1249,2086,2426,2271,39200,40400,39800,36400,43400,4435,40800,4641,51300,44800,27700,65300,43100,1426,1326,1889,2508,2133,48000,51000,54000,46300,57300
Bucknell University,Liberal Arts,Northeastern,FALSE,PA,Private nonprofit,Other elite schools (public and private),61060,48498,48498,622,62400,57700,39700,76400,41500,73,135,414,302,320,46800,61800,65400,58900,65800,677,68700,704,82400,70800,49000,99900,63500,70,139,495,349,355,78800,77100,84400,74300,90300
Carnegie Mellon University,Engineering,Northeastern,FALSE,PA,Private nonprofit,Other elite schools (public and private),61990,49022,49022,1111,84000,69800,37600,104100,85200,191,242,678,450,661,76200,84900,85900,63000,98400,1184,76100,1191,103000,83600,46700,125400,100300,232,293,666,484,707,112300,103900,99300,85800,114700
Franklin and Marshall College,Liberal Arts,Northeastern,FALSE,PA,Private nonprofit,Other elite schools (public and private),60765,48514,48514,NA,49200,46000,30200,61200,30300,25,60,224,158,151,NA,NA,51000,46200,52300,NA,50600,398,69200,58900,40300,88100,49300,43,78,277,176,222,NA,NA,72000,61400,75400
Gettysburg College,Liberal Arts,Northeastern,FALSE,PA,Private nonprofit,Highly selective private,58320,47480,47480,528,47100,43900,29900,61000,27200,36,106,386,265,263,NA,NA,48700,43700,50600,608,49600,710,66300,56100,38800,82200,54600,63,126,521,370,340,54700,65000,68000,56800,76600
Juniata College,Liberal Arts,Northeastern,FALSE,PA,Private nonprofit,Selective private,49098,38630,38630,NA,37500,35500,22900,46900,22000,45,101,260,222,184,NA,NA,40200,35100,40400,422,42700,514,56800,49200,32700,71900,37600,79,151,284,260,254,61800,55200,56200,49800,63900
Lafayette College,Liberal Arts,Northeastern,FALSE,PA,Private nonprofit,Other elite schools (public and private),59750,46385,46385,NA,58400,56400,40000,75100,29800,32,89,293,183,231,NA,NA,60500,54900,61100,NA,62300,470,80500,68600,48700,101900,54200,59,94,317,211,259,77800,74000,83000,70300,88800
Moravian College,Liberal Arts,Northeastern,FALSE,PA,Private nonprofit,Selective private,47447,37572,37572,539,42600,40800,26200,56500,23500,92,123,324,286,253,43900,36300,44500,41300,44000,562,45700,642,55100,51100,34500,68300,34000,88,167,387,396,246,54100,53700,55800,49100,64600
Swarthmore College,Liberal Arts,Northeastern,FALSE,PA,Private nonprofit,Other elite schools (public and private),60671,46060,46060,NA,44500,38300,21300,56900,35400,35,50,89,94,80,NA,NA,45200,40400,49300,NA,47300,209,70000,56700,35300,80200,57900,37,46,126,112,97,NA,NA,80000,58300,83500
University of Pennsylvania,Ivy League,Northeastern,FALSE,PA,Private nonprofit,Ivy Plus,61800,47668,47668,2275,91200,71600,45400,108000,80000,674,601,1000,1231,1044,77700,92100,99900,75800,109500,2717,76700,2777,131600,85900,55100,151600,147600,866,717,1194,1525,1252,113100,119900,152000,102300,167300
Ursinus College,Liberal Arts,Northeastern,FALSE,PA,Private nonprofit,Selective private,58610,46080,46080,460,42000,39900,23400,54900,24600,38,90,332,227,233,NA,NA,43500,41600,42400,476,49700,517,61800,55200,36400,78300,41900,88,110,319,259,258,49600,64500,64200,57900,65600
Brown University,Ivy League,Northeastern,FALSE,RI,Private nonprofit,Ivy Plus,60460,47434,47434,766,64800,52500,32600,82200,53300,168,174,424,392,374,62000,56600,69300,54000,76200,811,57800,1001,89100,67500,47900,103100,86500,203,220,578,530,471,96800,75200,91700,79900,99400
University of Rhode Island,State,Northeastern,FALSE,RI,Public,Selective public,26452,12506,28072,4067,42500,39400,25000,56500,26100,751,1009,2307,2290,1777,36100,41400,45100,40900,44600,3584,46200,3665,58400,52900,34200,75400,40300,699,1010,1956,2085,1580,47600,56400,63300,53300,65100
Clemson University,State,Southern,FALSE,SC,Public,Highly selective public,26065,13446,31462,2917,48100,43600,28800,61300,48600,496,706,1715,1193,1724,45800,50400,47700,41600,52500,3317,48000,3271,58900,52400,35100,76000,38900,570,846,1855,1426,1845,54700,58200,60600,51200,64900
Austin Peay State University,State,Southern,FALSE,TN,Public,Selective public,19386,7168,21664,2515,31400,29200,17200,42000,20400,1042,879,594,1484,1031,30000,32400,32400,29200,34700,2535,32100,2515,38800,34900,19800,50300,28000,1115,907,493,1600,915,34800,41600,42800,35100,45400
University of Memphis,State,Southern,FALSE,TN,Public,Selective public,21492,8619,20331,4192,35100,31700,19500,45300,31300,1792,1318,1082,2508,1684,33200,35400,38000,32800,38500,4425,34800,4543,43200,37400,23200,54700,35500,2078,1459,1006,2770,1773,40000,43900,48600,38400,50700
Tennessee Technological University,Engineering,Southern,FALSE,TN,Public,Selective public,21411,7679,22679,2671,35400,32800,21300,44700,23000,878,987,806,1326,1345,32500,35800,38000,31000,39800,2324,36100,2258,46700,40500,27300,59400,32300,775,861,622,1088,1170,43500,46600,50800,38300,54500
Lamar University,State,Southern,FALSE,TX,Public,Selective public,19692,7659,16362,2492,37200,32200,18800,49700,26200,1118,816,558,1520,972,34900,38000,40700,32700,44300,2319,36000,2647,46000,39500,24200,58800,33600,1181,877,589,1596,1051,42000,46200,53800,38400,57600
Tarleton State University,State,Southern,FALSE,TX,Public,Selective public,17964,6516,15204,3022,38200,35900,22500,49400,23600,1053,1020,949,1791,1231,34900,39600,40300,34100,44200,2814,39600,2870,47700,42500,28800,59400,32800,937,1061,872,1647,1223,44800,48500,49900,40700,57300
University of Utah,State,Western,FALSE,UT,Public,Selective public,18931,7835,25057,5123,47200,40800,24700,60900,43500,2268,1765,1090,2239,2884,47700,49900,41700,36000,55800,4988,47100,5527,63500,53000,31000,80300,58300,2585,1913,1029,2187,3340,64200,65200,58800,43200,76800
Utah State University,State,Western,FALSE,UT,Public,Selective public,16572,6250,18250,4359,37400,33900,19000,50800,31600,1931,1358,1070,2185,2174,37700,38200,35800,26900,48000,3837,39400,4313,49600,43200,23100,67100,42700,2171,1268,874,1895,2418,51500,47200,48400,30400,64700
Southern Utah University,State,Western,FALSE,UT,Public,Selective public,18315,6138,18596,1751,34100,30200,16100,45300,25200,754,558,439,915,836,34200,34200,33700,25400,43500,1656,35000,1735,45500,39800,19700,58500,41700,905,522,308,796,939,46200,44700,44500,28700,59700
Middlebury College,Liberal Arts,Northeastern,FALSE,VT,Private nonprofit,Other elite schools (public and private),59470,46044,46044,435,47900,41900,23700,61000,37300,127,93,215,223,212,51200,41100,48900,44200,51900,440,52900,485,71900,58200,36500,86800,64200,149,126,210,286,199,71400,61000,78700,58000,91800
University of Vermont,State,Northeastern,FALSE,VT,Public,Selective public,28348,16226,37874,2806,40400,37100,23900,52300,27800,426,731,1649,1547,1259,38300,39200,41500,39100,42000,2692,43000,2577,55200,47300,31500,68100,44100,546,735,1296,1462,1115,59600,52200,55100,50800,61100
Randolph-Macon College,Liberal Arts,Southern,TRUE,VA,Private nonprofit,Selective private,47262,36340,36340,NA,36800,36200,24500,48000,18500,63,82,255,202,198,30000,36500,38700,34000,39700,NA,41400,366,54800,49100,35700,65100,38100,38,80,248,188,178,NA,NA,54800,50400,59500
Virginia Commonwealth University,State,Southern,FALSE,VA,Public,Selective public,27494,12398,30459,5587,37500,34400,21700,48700,26600,1306,1819,2462,3287,2300,37600,38100,37000,35800,39900,5219,39700,5478,49700,44000,28100,64100,35100,1472,1738,2268,3327,2151,51000,48600,49700,46700,54300
University of Richmond,Liberal Arts,Southern,FALSE,VA,Private nonprofit,Other elite schools (public and private),57535,46680,46680,671,51900,46900,31000,65900,37500,127,204,340,386,285,47000,48600,55800,47700,57600,657,51300,757,78900,64500,43500,96900,62300,116,170,471,405,352,89200,64400,81600,68200,91300
George Mason University,State,Southern,FALSE,VA,Public,Selective public,23212,10382,29960,4749,47000,44900,27700,62700,28100,1373,1420,1956,2611,2138,45800,48700,46500,43400,51300,4101,52600,4078,63900,59900,37800,85000,40900,1195,1313,1570,2247,1831,64600,64400,62900,57300,71900
Virginia Polytechnic Institute and State University,Engineering,Southern,FALSE,VA,Public,Highly selective public,26165,12017,28048,5611,50400,48000,31100,66600,29900,750,1256,3605,2242,3369,49700,48400,51300,45700,53600,4833,55100,4853,67100,62500,40800,87000,43700,647,1124,3082,1945,2908,64400,64400,68600,58300,72900
Washington and Lee University,Liberal Arts,Southern,FALSE,VA,Private nonprofit,Other elite schools (public and private),58575,45617,45617,NA,58900,49900,33900,72700,43300,30,34,142,109,97,NA,NA,59900,52700,65900,NA,61800,NA,93300,76100,50400,110800,73000,49,55,142,106,140,NA,NA,88100,76500,106000
Eastern Washington University,State,Western,FALSE,WA,Public,Selective public,20365,7972,21066,3009,37700,34600,22100,49200,28900,1132,947,930,1662,1347,37700,38200,37200,34500,41700,3058,39000,3268,46700,43100,27100,60600,34200,1215,1118,935,1912,1356,46100,47600,46600,41600,54000
University of Puget Sound,Liberal Arts,Western,FALSE,WA,Private nonprofit,Highly selective private,55948,43428,43428,682,40200,36400,22300,54400,24300,157,160,365,413,269,45900,40700,37500,37600,44200,706,45400,701,59100,52700,33500,73100,47700,146,168,387,424,277,55800,62200,59000,54200,66600
Washington State University,State,Western,FALSE,WA,Public,Selective public,26543,12428,25510,6537,44700,40600,26500,58400,29500,1904,1860,2773,3483,3054,42900,45100,45800,41300,48600,5723,46200,6320,56600,50600,32900,74800,39300,1793,1839,2688,3381,2939,53400,56200,59100,49300,65100
Western Washington University,State,Western,FALSE,WA,Public,Selective public,22458,8965,20407,3562,37400,35400,22100,47900,24300,918,959,1685,2029,1533,36800,37300,37900,34900,40700,3414,39900,3734,50600,45800,29800,64200,35600,1061,1121,1552,2132,1602,47700,50100,53000,43600,60000
Whitman College,Liberal Arts,Western,FALSE,WA,Private nonprofit,Other elite schools (public and private),56600,44800,44800,NA,36300,34000,19000,46400,24300,37,66,155,148,110,NA,NA,36300,34800,38400,225,42400,270,59400,51300,31700,76600,44300,29,59,182,147,123,NA,NA,64700,57600,61700
University of Wyoming,State,Western,FALSE,WY,Public,Selective public,18145,4646,14876,2312,44200,38700,24300,55800,36200,709,660,943,1247,1065,43500,43900,44900,38900,50400,2325,42700,2683,54200,47300,29500,68000,41000,877,836,970,1391,1292,55300,51600,55500,44700,64400
University of Central Florida,State,Southern,FALSE,FL,Public,Selective public,19752,6368,22467,11383,39900,37100,24100,50700,29100,4286,3730,3367,6576,4807,38800,40600,40400,37000,43700,9884,41400,9034,51200,45400,30200,65300,36200,3491,3002,2541,5309,3725,49800,51400,53000,45900,58900
Florida International University,State,Southern,FALSE,FL,Public,Selective public,18784,6497,18895,7426,41500,38700,23300,54400,31100,3849,2569,1008,4318,3108,39800,43600,42600,39100,44800,8086,43000,7200,52000,46300,29200,67700,36700,3690,2573,937,4272,2928,51000,52500,54900,48400,57300
